{"best_val_loss":3.609947681427002,"last_epoch":226,"t_cost":6144.309808699996}